{"$schema":"http://schema.management.azure.com/schemas/2015-01-01/deploymentTemplate.json#","contentVersion":"1.0.0.0","parameters":{"LKH_TF_AR":{"type":"string"},"WH_DATA_PF":{"type":"string"}},"variables":{},"resources":[{"name":"PIPE_SM_TF","type":"pipelines","apiVersion":"2018-06-01","properties":{"activities":[{"name":"ForEach_435","type":"ForEach","dependsOn":[],"typeProperties":{"items":{"value":"@pipeline().parameters.cw_items_435","type":"Expression"},"activities":[{"name":"Copy_435","type":"Copy","dependsOn":[],"policy":{"timeout":"0.12:00:00","retry":0,"retryIntervalInSeconds":30,"secureOutput":false,"secureInput":false},"typeProperties":{"source":{"type":"LakehouseTableSource","datasetSettings":{"annotations":[],"linkedService":{"name":"LKH_TF_AR","properties":{"annotations":[],"type":"Lakehouse","typeProperties":{"workspaceId":"25658332-26e2-4a92-8da7-106682190f0c","artifactId":"[parameters('LKH_TF_AR')]","rootFolder":"Tables"}}},"type":"LakehouseTable","schema":[],"typeProperties":{"table":{"value":"@item().source.table","type":"Expression"}}}},"sink":{"type":"DataWarehouseSink","allowCopyCommand":true,"copyCommandSettings":{},"tableOption":"autoCreate","datasetSettings":{"annotations":[],"linkedService":{"name":"WH_DATA_PF","properties":{"annotations":[],"type":"DataWarehouse","typeProperties":{"endpoint":"baop34nx3fluzjgpeh6yuqtaxm-gkbwkjpce2jevdnhcbtiegipbq.datawarehouse.fabric.microsoft.com","artifactId":"[parameters('WH_DATA_PF')]","workspaceId":"25658332-26e2-4a92-8da7-106682190f0c"}}},"type":"DataWarehouseTable","schema":[],"typeProperties":{"schema":"dbo","table":{"value":"@item().destination.table","type":"Expression"}}}},"enableStaging":true,"translator":{"value":"@item().copyActivity.translator","type":"Expression"}}}]}}],"parameters":{"cw_items_435":{"type":"Array","defaultValue":[{"source":{"table":"dim_brokers"},"destination":{"table":"dim_brokers"},"copyActivity":{"translator":{"type":"TabularTranslator","mappings":[{"source":{"name":"id_brk","type":"Int32","physicalType":"integer"},"sink":{"name":"id_brk","physicalType":"int"}},{"source":{"name":"name_brk","type":"String","physicalType":"string"},"sink":{"name":"name_brk","physicalType":"varchar","length":"8000"}},{"source":{"name":"region_brk","type":"String","physicalType":"string"},"sink":{"name":"region_brk","physicalType":"varchar","length":"8000"}},{"source":{"name":"email_brk","type":"String","physicalType":"string"},"sink":{"name":"email_brk","physicalType":"varchar","length":"8000"}}]}}},{"source":{"table":"dim_campaigns"},"destination":{"table":"dim_campaigns"},"copyActivity":{"translator":{"type":"TabularTranslator","mappings":[{"source":{"name":"id_cam","type":"Int32","physicalType":"integer"},"sink":{"name":"id_cam","physicalType":"int"}},{"source":{"name":"channel_cam","type":"String","physicalType":"string"},"sink":{"name":"channel_cam","physicalType":"varchar","length":"8000"}},{"source":{"name":"name_cam","type":"String","physicalType":"string"},"sink":{"name":"name_cam","physicalType":"varchar","length":"8000"}},{"source":{"name":"date_start_cam","type":"Date","physicalType":"date"},"sink":{"name":"date_start_cam","physicalType":"date"}},{"source":{"name":"date_end_cam","type":"Date","physicalType":"date"},"sink":{"name":"date_end_cam","physicalType":"date"}},{"source":{"name":"cost_cam","type":"Double","physicalType":"double"},"sink":{"name":"cost_cam","physicalType":"float"}}]}}},{"source":{"table":"dim_clients"},"destination":{"table":"dim_clients"},"copyActivity":{"translator":{"type":"TabularTranslator","mappings":[{"source":{"name":"id_cons","type":"Int32","physicalType":"integer"},"sink":{"name":"id_cons","physicalType":"int"}},{"source":{"name":"name_cons","type":"String","physicalType":"string"},"sink":{"name":"name_cons","physicalType":"varchar","length":"8000"}},{"source":{"name":"lastname_cons","type":"String","physicalType":"string"},"sink":{"name":"lastname_cons","physicalType":"varchar","length":"8000"}},{"source":{"name":"email_cons","type":"String","physicalType":"string"},"sink":{"name":"email_cons","physicalType":"varchar","length":"8000"}},{"source":{"name":"region_cons","type":"String","physicalType":"string"},"sink":{"name":"region_cons","physicalType":"varchar","length":"8000"}}]}}},{"source":{"table":"dim_projects"},"destination":{"table":"dim_projects"},"copyActivity":{"translator":{"type":"TabularTranslator","mappings":[{"source":{"name":"id_pry","type":"Int32","physicalType":"integer"},"sink":{"name":"id_pry","physicalType":"int"}},{"source":{"name":"name_pry","type":"String","physicalType":"string"},"sink":{"name":"name_pry","physicalType":"varchar","length":"8000"}},{"source":{"name":"city_pry","type":"String","physicalType":"string"},"sink":{"name":"city_pry","physicalType":"varchar","length":"8000"}},{"source":{"name":"region_pry","type":"String","physicalType":"string"},"sink":{"name":"region_pry","physicalType":"varchar","length":"8000"}},{"source":{"name":"date_start_pry","type":"Date","physicalType":"date"},"sink":{"name":"date_start_pry","physicalType":"date"}},{"source":{"name":"state_pry","type":"String","physicalType":"string"},"sink":{"name":"state_pry","physicalType":"varchar","length":"8000"}}]}}},{"source":{"table":"dim_properties"},"destination":{"table":"dim_properties"},"copyActivity":{"translator":{"type":"TabularTranslator","mappings":[{"source":{"name":"id_prop","type":"Int32","physicalType":"integer"},"sink":{"name":"id_prop","physicalType":"int"}},{"source":{"name":"id_pry","type":"Int32","physicalType":"integer"},"sink":{"name":"id_pry","physicalType":"int"}},{"source":{"name":"type","type":"String","physicalType":"string"},"sink":{"name":"type","physicalType":"varchar","length":"8000"}},{"source":{"name":"size","type":"Double","physicalType":"double"},"sink":{"name":"size","physicalType":"float"}},{"source":{"name":"rooms","type":"Int32","physicalType":"integer"},"sink":{"name":"rooms","physicalType":"int"}},{"source":{"name":"bathrooms","type":"Int32","physicalType":"integer"},"sink":{"name":"bathrooms","physicalType":"int"}},{"source":{"name":"price","type":"Double","physicalType":"double"},"sink":{"name":"price","physicalType":"float"}},{"source":{"name":"state","type":"String","physicalType":"string"},"sink":{"name":"state","physicalType":"varchar","length":"8000"}}]}}},{"source":{"table":"fact_interested"},"destination":{"table":"fact_interested"},"copyActivity":{"translator":{"type":"TabularTranslator","mappings":[{"source":{"name":"id_int","type":"Int32","physicalType":"integer"},"sink":{"name":"id_int","physicalType":"int"}},{"source":{"name":"id_cons","type":"Int32","physicalType":"integer"},"sink":{"name":"id_cons","physicalType":"int"}},{"source":{"name":"id_prt","type":"Int32","physicalType":"integer"},"sink":{"name":"id_prt","physicalType":"int"}},{"source":{"name":"id_cam","type":"Int32","physicalType":"integer"},"sink":{"name":"id_cam","physicalType":"int"}},{"source":{"name":"fecha_emi","type":"Date","physicalType":"date"},"sink":{"name":"fecha_emi","physicalType":"date"}},{"source":{"name":"half","type":"String","physicalType":"string"},"sink":{"name":"half","physicalType":"varchar","length":"8000"}}]}}},{"source":{"table":"fact_sales"},"destination":{"table":"fact_sales"},"copyActivity":{"translator":{"type":"TabularTranslator","mappings":[{"source":{"name":"id_sale","type":"Int32","physicalType":"integer"},"sink":{"name":"id_sale","physicalType":"int"}},{"source":{"name":"id_prop","type":"Int32","physicalType":"integer"},"sink":{"name":"id_prop","physicalType":"int"}},{"source":{"name":"id_cons","type":"Int32","physicalType":"integer"},"sink":{"name":"id_cons","physicalType":"int"}},{"source":{"name":"id_brk","type":"Int32","physicalType":"integer"},"sink":{"name":"id_brk","physicalType":"int"}},{"source":{"name":"date_sale","type":"Date","physicalType":"date"},"sink":{"name":"date_sale","physicalType":"date"}},{"source":{"name":"price_sale","type":"Double","physicalType":"double"},"sink":{"name":"price_sale","physicalType":"float"}}]}}}]}},"lastModifiedByObjectId":"71328cc0-e761-4a90-881e-991c26183b86","lastPublishTime":"2025-07-07T00:37:08Z"},"dependsOn":[]}]}